[
    {
        "Date": "2025-06-23",
        "Customer": "Nomika",
        "Phone": "9671578541",
        "Item Code": "RN1029",
        "Metal": "Gold (22K)",
        "Weight": "4.23",
        "Total": "472723.65"
    },
    {
        "Date": "2025-06-23",
        "Customer": "sunita",
        "Phone": "9050616583",
        "Item Code": "GC01098",
        "Metal": "Gold (24K)",
        "Weight": "5.0",
        "Total": "563925.0"
    },
    {
        "Date": "2025-06-24",
        "Customer": "Amit",
        "Phone": "9050616583",
        "Item Code": "GM6789",
        "Metal": "Gold (24K)",
        "Weight": "5.0 gm",
        "Rate": "108000.0/gm",
        "Making": "1500.00",
        "GST": "16245.00",
        "Total": "557745.00"
    },
    {
        "Date": "2025-06-24",
        "Customer": "Meena",
        "Phone": "8050616583",
        "Item Code": "GM6789",
        "Metal": "Gold (24K)",
        "Weight": "5.0 gm",
        "Rate": "108000.0/gm",
        "Making": "1500.00",
        "GST": "16245.00",
        "Total": "557745.00"
    },
    {
        "Date": "2025-06-24",
        "Customer": "Sunita",
        "Phone": "976432215",
        "Item Code": "GK876",
        "Metal": "Gold (24K)",
        "Weight": "5.0 gm",
        "Rate": "1080000.0/gm",
        "Making": "1000.00",
        "GST": "162030.00",
        "Total": "5563030.00"
    },
    {
        "Date": "2025-06-24",
        "Customer": "Aman",
        "Phone": "908743567",
        "Item Code": "GK876",
        "Metal": "Gold",
        "Tunch": "0",
        "Weight": "5.00",
        "Rate": "1080000.00",
        "Making": "1000.00",
        "GST": "162030.00",
        "Total": "5563030.00"
    },
    {
        "Date": "2025-06-24",
        "Customer": "Aman",
        "Phone": "908743567",
        "Item Code": "GM6789",
        "Metal": "Gold",
        "Tunch": "0",
        "Weight": "5.00",
        "Rate": "1080000.00",
        "Making": "1500.00",
        "GST": "162045.00",
        "Total": "5563545.00"
    },
    {
        "Date": "2025-06-24",
        "Customer": "Amrit",
        "Phone": "967586432",
        "Item Code": "GK876",
        "Metal": "Gold",
        "Tunch": "0",
        "Weight": "5.00",
        "Rate": "1080000.00",
        "Making": "1000.00",
        "GST": "162030.00",
        "Total": "5563030.00"
    },
    {
        "Date": "2025-06-24",
        "Customer": "Amrit",
        "Phone": "967586432",
        "Item Code": "GM6789",
        "Metal": "Gold",
        "Tunch": "0",
        "Weight": "5.00",
        "Rate": "1080000.00",
        "Making": "1500.00",
        "GST": "162045.00",
        "Total": "5563545.00"
    },
    {
        "Date": "2025-06-24",
        "Customer": "Muskan",
        "Phone": "954679843",
        "Item Code": "GC01098",
        "Metal": "Gold",
        "Tunch": "0",
        "Weight": "5.00",
        "Rate": "1080000.00",
        "Making": "2500.00",
        "GST": "162075.00",
        "Total": "5564575.00"
    },
    {
        "Date": "2025-06-24",
        "Customer": "Muskan",
        "Phone": "954679843",
        "Item Code": "RG156",
        "Metal": "Gold",
        "Tunch": "0",
        "Weight": "5.00",
        "Rate": "1080000.00",
        "Making": "2500.00",
        "GST": "162075.00",
        "Total": "5564575.00"
    },
    {
        "Date": "2025-06-25",
        "Customer": "Suresh",
        "Phone": "9076895464",
        "Item Code": "GC01098",
        "Metal": "Gold",
        "Tunch": "0",
        "Weight": "6.00",
        "Rate": "1080000.00",
        "Making": "3000.00",
        "GST": "194490.00",
        "Total": "6677490.00",
        "Payment Mode": "cash",
        "Old Metal Weight": "3.00"
    },
    {
        "Date": "2025-06-25",
        "Customer": "Simran",
        "Phone": "9872346543",
        "Item Code": "GC01098",
        "Metal": "Gold",
        "Tunch": "0",
        "Weight": "5.00",
        "Rate": "108000.00",
        "Making": "2500.00",
        "GST": "16275.00",
        "Total": "558775.00"
    },
    {
        "Date": "2025-06-25",
        "Customer": "Surendar",
        "Phone": "9865478543",
        "Payment Mode": "Online",
        "Paid": "60000.00",
        "Pending": "610530.00",
        "Item Code": "GC01098",
        "Metal": "Gold",
        "Tunch": "0",
        "Weight": "6.00",
        "Rate": "108000.00",
        "Making": "3000.00",
        "GST": "19530.00",
        "Total": "670530.00"
    },
    {
        "Date": "2025-06-25",
        "Customer": "Surendar",
        "Phone": "9865478543",
        "Payment Mode": "Online",
        "Paid": "60000.00",
        "Pending": "610530.00",
        "Item Code": "GC01098",
        "Metal": "Gold",
        "Tunch": "0",
        "Weight": "6.00",
        "Rate": "108000.00",
        "Making": "3000.00",
        "GST": "19530.00",
        "Total": "670530.00"
    },
    {
        "Date": "2025-06-25",
        "Customer": "Surendar",
        "Phone": "9865478543",
        "Payment Mode": "Online",
        "Paid": "60000.00",
        "Pending": "610530.00",
        "Item Code": "GC01098",
        "Metal": "Gold",
        "Tunch": "0",
        "Weight": "6.00",
        "Rate": "108000.00",
        "Making": "3000.00",
        "GST": "19530.00",
        "Total": "670530.00"
    },
    {
        "Date": "2025-06-25",
        "Customer": "Surendar",
        "Phone": "9865478543",
        "Payment Mode": "Online",
        "Paid": "60000.00",
        "Pending": "610530.00",
        "Item Code": "GC01098",
        "Metal": "Gold",
        "Tunch": "0",
        "Weight": "6.00",
        "Rate": "108000.00",
        "Making": "3000.00",
        "GST": "19530.00",
        "Total": "670530.00"
    },
    {
        "Invoice": "INV-0016",
        "Date": "2025-06-25",
        "Customer": "Anushka",
        "Phone": "9654389865",
        "Payment Mode": "Cash",
        "Paid": "0.00",
        "Pending": "1117550.00",
        "Item Code": "GC01098",
        "Metal": "Gold",
        "Tunch": "0",
        "Weight": "6.00",
        "Rate": "108000.00",
        "Making": "3000.00",
        "GST": "19530.00",
        "Total": "670530.00"
    },
    {
        "Invoice": "INV-0016",
        "Date": "2025-06-25",
        "Customer": "Anushka",
        "Phone": "9654389865",
        "Payment Mode": "Cash",
        "Paid": "0.00",
        "Pending": "1117550.00",
        "Item Code": "RG1234",
        "Metal": "Gold",
        "Tunch": "0",
        "Weight": "4.00",
        "Rate": "108000.00",
        "Making": "2000.00",
        "GST": "13020.00",
        "Total": "447020.00"
    },
    {
        "Date": "2025-06-26",
        "Customer": "Shivani",
        "Phone": "9812813583",
        "Item Code": "GK876",
        "Metal": "Gold",
        "Tunch": "0",
        "Weight": "4.00",
        "Rate": "1090000.00",
        "Making": "800.00",
        "GST": "130824.00",
        "Total": "4491624.00"
    },
    {
        "Date": "2025-06-26",
        "Customer": "Anish",
        "Phone": "9671543268",
        "Payment": "UPI",
        "Item Code": "GK876",
        "Metal": "Gold",
        "Tunch": "0",
        "Weight": "6.00",
        "Rate": "1090000.00",
        "Making": "1200.00",
        "GST": "196236.00",
        "Total": "6737436.00"
    },
    {
        "Date": "2025-06-26",
        "Customer": "Anish",
        "Phone": "9671543268",
        "Payment": "UPI",
        "Item Code": "GM6789",
        "Metal": "Gold",
        "Tunch": "0",
        "Weight": "8.00",
        "Rate": "1090000.00",
        "Making": "2400.00",
        "GST": "261672.00",
        "Total": "8984072.00"
    },
    {
        "Date": "2025-06-26",
        "Customer": "Himani",
        "Phone": "9050616583",
        "Payment": "Cash",
        "Paid": 900000.0,
        "Due": 10329472.0,
        "Item Code": "GM6789",
        "Metal": "Gold",
        "Tunch": "0",
        "Weight": "4.00",
        "Rate": "1090000.00",
        "Making": "1200.00",
        "GST": "130836.00",
        "Total": "4492036.00"
    },
    {
        "Date": "2025-06-26",
        "Customer": "Himani",
        "Phone": "9050616583",
        "Payment": "Cash",
        "Paid": 900000.0,
        "Due": 10329472.0,
        "Item Code": "GK876",
        "Metal": "Gold",
        "Tunch": "0",
        "Weight": "6.00",
        "Rate": "1090000.00",
        "Making": "1200.00",
        "GST": "196236.00",
        "Total": "6737436.00"
    },
    {
        "Date": "2025-06-26",
        "Customer": "Himani",
        "Phone": "9050616583",
        "Payment": "Cash",
        "Paid": 900000.0,
        "Due": 10329472.0,
        "Item Code": "GM6789",
        "Metal": "Gold",
        "Tunch": "0",
        "Weight": "4.00",
        "Rate": "1090000.00",
        "Making": "1200.00",
        "GST": "130836.00",
        "Total": "4492036.00"
    },
    {
        "Date": "2025-06-26",
        "Customer": "Himani",
        "Phone": "9050616583",
        "Payment": "Cash",
        "Paid": 900000.0,
        "Due": 10329472.0,
        "Item Code": "GK876",
        "Metal": "Gold",
        "Tunch": "0",
        "Weight": "6.00",
        "Rate": "1090000.00",
        "Making": "1200.00",
        "GST": "196236.00",
        "Total": "6737436.00"
    },
    {
        "Date": "2025-06-26",
        "Customer": "Priyanshu",
        "Phone": "6965478965",
        "Payment": "Cash",
        "Paid": 1000000.0,
        "Due": 14721508.0,
        "Item Code": "GM6789",
        "Metal": "Gold",
        "Tunch": "0",
        "Weight": "8.00",
        "Rate": "1090000.00",
        "Making": "2400.00",
        "GST": "261672.00",
        "Total": "8984072.00"
    },
    {
        "Date": "2025-06-26",
        "Customer": "Priyanshu",
        "Phone": "6965478965",
        "Payment": "Cash",
        "Paid": 1000000.0,
        "Due": 14721508.0,
        "Item Code": "GK876",
        "Metal": "Gold",
        "Tunch": "0",
        "Weight": "6.00",
        "Rate": "1090000.00",
        "Making": "1200.00",
        "GST": "196236.00",
        "Total": "6737436.00"
    },
    {
        "Date": "2025-06-26",
        "Customer": "Manjeet",
        "Phone": "9812976543",
        "Payment": "Cash",
        "Paid": 11229000.0,
        "Due": 678.0,
        "Item Code": "GM6789",
        "Metal": "Gold",
        "Tunch": "0",
        "Weight": "6.00",
        "Rate": "1090000.00",
        "Making": "1800.00",
        "GST": "196254.00",
        "Total": "6738054.00"
    },
    {
        "Date": "2025-06-26",
        "Customer": "Manjeet",
        "Phone": "9812976543",
        "Payment": "Cash",
        "Paid": 11229000.0,
        "Due": 678.0,
        "Item Code": "GK876",
        "Metal": "Gold",
        "Tunch": "0",
        "Weight": "4.00",
        "Rate": "1090000.00",
        "Making": "800.00",
        "GST": "130824.00",
        "Total": "4491624.00"
    }
]